LAD22CD,LAD22NM,n_oas,n_diff,disagree_pct
E06000001,Hartlepool,323,27,8.359133126934983
E06000002,Middlesbrough,463,50,10.799136069114471
E06000003,Redcar and Cleveland,481,66,13.721413721413722
E06000004,Stockton-on-Tees,655,76,11.603053435114504
E06000005,Darlington,372,55,14.78494623655914
E06000006,Halton,418,41,9.808612440191387
E06000007,Warrington,695,82,11.798561151079138
E06000008,Blackburn with Darwen,447,38,8.501118568232663
E06000009,Blackpool,511,51,9.980430528375733
E06000010,"Kingston upon Hull, City of",881,112,12.712826333711691
E06000011,East Riding of Yorkshire,1143,282,24.671916010498688
E06000012,North East Lincolnshire,546,78,14.285714285714285
E06000013,North Lincolnshire,547,135,24.680073126142595
E06000014,York,659,113,17.147192716236724
E06000015,Derby,799,106,13.266583229036296
E06000016,Leicester,1010,79,7.821782178217822
E06000017,Rutland,128,39,30.46875
E06000018,Nottingham,1006,125,12.42544731610338
E06000019,"Herefordshire, County of",646,97,15.015479876160992
E06000020,Telford and Wrekin,585,82,14.017094017094017
E06000021,Stoke-on-Trent,863,86,9.965237543453071
E06000022,Bath and North East Somerset,617,117,18.962722852512158
E06000023,"Bristol, City of",1405,181,12.882562277580071
E06000024,North Somerset,725,170,23.448275862068964
E06000025,South Gloucestershire,899,117,13.014460511679642
E06000026,Plymouth,866,155,17.89838337182448
E06000027,Torbay,479,158,32.98538622129436
E06000030,Swindon,759,98,12.911725955204217
E06000031,Peterborough,656,92,14.02439024390244
E06000032,Luton,621,54,8.695652173913043
E06000033,Southend-on-Sea,587,88,14.991482112436117
E06000034,Thurrock,527,69,13.092979127134724
E06000035,Medway,853,118,13.833528722157093
E06000036,Bracknell Forest,406,86,21.182266009852217
E06000037,West Berkshire,505,91,18.019801980198018
E06000038,Reading,514,68,13.229571984435799
E06000039,Slough,417,33,7.913669064748201
E06000040,Windsor and Maidenhead,458,54,11.790393013100436
E06000041,Wokingham,536,50,9.328358208955224
E06000042,Milton Keynes,874,104,11.899313501144166
E06000043,Brighton and Hove,936,177,18.91025641025641
E06000044,Portsmouth,657,93,14.15525114155251
E06000045,Southampton,792,69,8.712121212121213
E06000046,Isle of Wight,476,190,39.91596638655462
E06000047,County Durham,1780,212,11.910112359550562
E06000049,Cheshire East,1298,225,17.334360554699536
E06000050,Cheshire West and Chester,1179,169,14.334181509754028
E06000051,Shropshire,1021,209,20.470127326150834
E06000052,Cornwall,1847,396,21.440173253925284
E06000053,Isles of Scilly,9,3,33.33333333333333
E06000054,Wiltshire,1659,318,19.168173598553345
E06000055,Bedford,564,69,12.23404255319149
E06000056,Central Bedfordshire,895,153,17.094972067039105
E06000057,Northumberland,1133,149,13.150926743159753
E06000058,"Bournemouth, Christchurch and Poole",1258,305,24.24483306836248
E06000059,Dorset,1284,433,33.72274143302181
E06000060,Buckinghamshire,1671,249,14.90125673249551
E06000061,North Northamptonshire,1098,158,14.389799635701275
E06000062,West Northamptonshire,1297,165,12.72166538164996
E07000008,Cambridge,426,49,11.502347417840376
E07000009,East Cambridgeshire,269,56,20.817843866171003
E07000010,Fenland,303,87,28.71287128712871
E07000011,Huntingdonshire,581,108,18.588640275387263
E07000012,South Cambridgeshire,506,85,16.798418972332016
E07000026,Allerdale,326,61,18.711656441717793
E07000027,Barrow-in-Furness,246,44,17.88617886178862
E07000028,Carlisle,378,69,18.253968253968253
E07000029,Copeland,244,33,13.524590163934427
E07000030,Eden,179,21,11.731843575418994
E07000031,South Lakeland,371,108,29.110512129380055
E07000032,Amber Valley,412,83,20.145631067961165
E07000033,Bolsover,253,43,16.99604743083004
E07000034,Chesterfield,362,61,16.85082872928177
E07000035,Derbyshire Dales,252,83,32.93650793650794
E07000036,Erewash,382,61,15.968586387434556
E07000037,High Peak,311,77,24.758842443729904
E07000038,North East Derbyshire,345,78,22.608695652173914
E07000039,South Derbyshire,331,44,13.293051359516618
E07000040,East Devon,487,178,36.55030800821355
E07000041,Exeter,408,73,17.892156862745097
E07000042,Mid Devon,264,58,21.96969696969697
E07000043,North Devon,320,79,24.6875
E07000044,South Hams,292,65,22.26027397260274
E07000045,Teignbridge,441,148,33.560090702947846
E07000046,Torridge,221,48,21.71945701357466
E07000047,West Devon,181,33,18.23204419889503
E07000061,Eastbourne,358,71,19.832402234636874
E07000062,Hastings,311,74,23.79421221864952
E07000063,Lewes,330,82,24.848484848484848
E07000064,Rother,317,125,39.43217665615142
E07000065,Wealden,502,126,25.099601593625497
E07000066,Basildon,584,83,14.212328767123289
E07000067,Braintree,489,82,16.768916155419223
E07000068,Brentwood,244,32,13.114754098360656
E07000069,Castle Point,290,84,28.965517241379313
E07000070,Chelmsford,578,88,15.22491349480969
E07000071,Colchester,633,131,20.69510268562401
E07000072,Epping Forest,425,58,13.647058823529413
E07000073,Harlow,294,42,14.285714285714285
E07000074,Maldon,208,38,18.269230769230766
E07000075,Rochford,271,31,11.439114391143912
E07000076,Tendring,507,210,41.42011834319527
E07000077,Uttlesford,269,58,21.561338289962826
E07000078,Cheltenham,405,68,16.790123456790123
E07000079,Cotswold,317,74,23.34384858044164
E07000080,Forest of Dean,273,45,16.483516483516482
E07000081,Gloucester,425,59,13.882352941176471
E07000082,Stroud,381,88,23.097112860892388
E07000083,Tewkesbury,313,72,23.003194888178914
E07000084,Basingstoke and Deane,600,98,16.333333333333332
E07000085,East Hampshire,396,92,23.232323232323232
E07000086,Eastleigh,438,95,21.689497716894977
E07000087,Fareham,365,71,19.45205479452055
E07000088,Gosport,279,65,23.297491039426525
E07000089,Hart,306,54,17.647058823529413
E07000090,Havant,398,106,26.633165829145728
E07000091,New Forest,592,218,36.82432432432432
E07000092,Rushmoor,318,43,13.522012578616351
E07000093,Test Valley,418,74,17.703349282296653
E07000094,Winchester,383,73,19.06005221932115
E07000095,Broxbourne,296,42,14.18918918918919
E07000096,Dacorum,483,77,15.942028985507244
E07000098,Hertsmere,323,35,10.8359133126935
E07000099,North Hertfordshire,428,76,17.75700934579439
E07000102,Three Rivers,286,45,15.734265734265735
E07000103,Watford,288,40,13.88888888888889
E07000105,Ashford,399,72,18.045112781954884
E07000106,Canterbury,487,136,27.92607802874743
E07000107,Dartford,360,51,14.166666666666666
E07000108,Dover,371,106,28.57142857142857
E07000109,Gravesham,327,37,11.314984709480122
E07000110,Maidstone,523,78,14.91395793499044
E07000111,Sevenoaks,371,55,14.824797843665769
E07000112,Folkestone and Hythe,354,110,31.07344632768362
E07000113,Swale,459,101,22.004357298474943
E07000114,Thanet,461,132,28.633405639913235
E07000115,Tonbridge and Malling,408,64,15.686274509803921
E07000116,Tunbridge Wells,361,62,17.174515235457065
E07000117,Burnley,304,30,9.868421052631579
E07000118,Chorley,375,54,14.399999999999999
E07000119,Fylde,277,79,28.51985559566787
E07000120,Hyndburn,271,26,9.59409594095941
E07000121,Lancaster,482,87,18.04979253112033
E07000122,Pendle,299,44,14.715719063545151
E07000123,Preston,458,53,11.572052401746726
E07000124,Ribble Valley,204,48,23.52941176470588
E07000125,Rossendale,224,43,19.196428571428573
E07000126,South Ribble,378,74,19.576719576719576
E07000127,West Lancashire,364,59,16.208791208791208
E07000128,Wyre,388,109,28.09278350515464
E07000129,Blaby,319,51,15.987460815047022
E07000130,Charnwood,564,97,17.19858156028369
E07000131,Harborough,302,56,18.543046357615893
E07000132,Hinckley and Bosworth,367,84,22.888283378746593
E07000133,Melton,168,28,16.666666666666664
E07000134,North West Leicestershire,326,60,18.404907975460123
E07000135,Oadby and Wigston,181,31,17.12707182320442
E07000136,Boston,212,47,22.169811320754718
E07000137,East Lindsey,496,122,24.596774193548388
E07000138,Lincoln,320,43,13.4375
E07000139,North Kesteven,364,110,30.21978021978022
E07000140,South Holland,290,83,28.620689655172416
E07000141,South Kesteven,466,112,24.034334763948497
E07000142,West Lindsey,312,89,28.525641025641026
E07000143,Breckland,455,91,20.0
E07000144,Broadland,445,111,24.9438202247191
E07000145,Great Yarmouth,343,67,19.533527696793
E07000146,King's Lynn and West Norfolk,497,102,20.52313883299799
E07000147,North Norfolk,380,106,27.89473684210526
E07000148,Norwich,471,44,9.341825902335456
E07000149,South Norfolk,464,113,24.353448275862068
E07000163,Craven,194,55,28.350515463917525
E07000164,Hambleton,319,90,28.213166144200624
E07000165,Harrogate,540,117,21.666666666666668
E07000166,Richmondshire,170,28,16.470588235294116
E07000167,Ryedale,198,38,19.19191919191919
E07000168,Scarborough,391,109,27.877237851662407
E07000169,Selby,294,70,23.809523809523807
E07000170,Ashfield,412,71,17.233009708737864
E07000171,Bassetlaw,390,65,16.666666666666664
E07000172,Broxtowe,375,55,14.666666666666666
E07000173,Gedling,399,77,19.298245614035086
E07000174,Mansfield,361,67,18.559556786703602
E07000175,Newark and Sherwood,401,101,25.187032418952622
E07000176,Rushcliffe,382,84,21.98952879581152
E07000177,Cherwell,498,74,14.859437751004014
E07000178,Oxford,445,43,9.662921348314606
E07000179,South Oxfordshire,463,84,18.142548596112313
E07000180,Vale of White Horse,431,63,14.617169373549885
E07000181,West Oxfordshire,364,72,19.78021978021978
E07000187,Mendip,379,78,20.58047493403694
E07000188,Sedgemoor,405,90,22.22222222222222
E07000189,South Somerset,573,116,20.24432809773124
E07000192,Cannock Chase,322,43,13.354037267080745
E07000193,East Staffordshire,384,56,14.583333333333334
E07000194,Lichfield,345,69,20.0
E07000195,Newcastle-under-Lyme,422,65,15.402843601895736
E07000196,South Staffordshire,359,66,18.384401114206128
E07000197,Stafford,448,102,22.767857142857142
E07000198,Staffordshire Moorlands,321,82,25.54517133956386
E07000199,Tamworth,255,24,9.411764705882353
E07000200,Babergh,309,74,23.948220064724918
E07000202,Ipswich,448,46,10.267857142857142
E07000203,Mid Suffolk,317,62,19.558359621451103
E07000207,Elmbridge,411,34,8.27250608272506
E07000208,Epsom and Ewell,237,31,13.080168776371309
E07000209,Guildford,436,59,13.53211009174312
E07000210,Mole Valley,278,45,16.18705035971223
E07000211,Reigate and Banstead,458,82,17.903930131004365
E07000212,Runnymede,273,48,17.582417582417584
E07000213,Spelthorne,318,52,16.352201257861633
E07000214,Surrey Heath,272,27,9.926470588235293
E07000215,Tandridge,271,52,19.18819188191882
E07000216,Waverley,387,64,16.5374677002584
E07000217,Woking,321,26,8.09968847352025
E07000218,North Warwickshire,214,34,15.887850467289718
E07000219,Nuneaton and Bedworth,424,60,14.150943396226415
E07000220,Rugby,356,59,16.573033707865168
E07000221,Stratford-on-Avon,444,102,22.972972972972975
E07000222,Warwick,487,69,14.168377823408623
E07000223,Adur,214,38,17.75700934579439
E07000224,Arun,548,205,37.408759124087595
E07000225,Chichester,403,119,29.528535980148884
E07000226,Crawley,357,59,16.5266106442577
E07000227,Horsham,464,116,25.0
E07000228,Mid Sussex,465,87,18.70967741935484
E07000229,Worthing,368,92,25.0
E07000234,Bromsgrove,311,39,12.540192926045016
E07000235,Malvern Hills,260,69,26.53846153846154
E07000236,Redditch,273,29,10.622710622710622
E07000237,Worcester,340,63,18.529411764705884
E07000238,Wychavon,431,105,24.361948955916475
E07000239,Wyre Forest,338,70,20.710059171597635
E07000240,St Albans,444,55,12.387387387387387
E07000241,Welwyn Hatfield,370,65,17.56756756756757
E07000242,East Hertfordshire,466,64,13.733905579399142
E07000243,Stevenage,279,58,20.78853046594982
E07000244,East Suffolk,866,237,27.367205542725177
E07000245,West Suffolk,587,102,17.37649063032368
E07000246,Somerset West and Taunton,535,131,24.485981308411215
E08000001,Bolton,910,109,11.978021978021978
E08000002,Bury,617,83,13.452188006482983
E08000003,Manchester,1593,149,9.353421217827998
E08000004,Oldham,737,74,10.040705563093622
E08000005,Rochdale,691,78,11.287988422575976
E08000006,Salford,873,100,11.45475372279496
E08000007,Stockport,982,149,15.173116089613034
E08000008,Tameside,752,99,13.164893617021276
E08000009,Trafford,738,89,12.059620596205962
E08000010,Wigan,1073,100,9.319664492078285
E08000011,Knowsley,507,39,7.6923076923076925
E08000012,Liverpool,1624,171,10.529556650246304
E08000013,St. Helens,615,74,12.032520325203253
E08000014,Sefton,942,123,13.05732484076433
E08000015,Wirral,1080,140,12.962962962962962
E08000016,Barnsley,793,120,15.132408575031524
E08000017,Doncaster,1014,185,18.244575936883628
E08000018,Rotherham,878,110,12.52847380410023
E08000019,Sheffield,1829,218,11.919081465281575
E08000021,Newcastle upon Tyne,943,108,11.452810180275716
E08000022,North Tyneside,729,116,15.912208504801098
E08000023,South Tyneside,543,70,12.89134438305709
E08000024,Sunderland,973,85,8.735868448098664
E08000025,Birmingham,3325,260,7.819548872180452
E08000026,Coventry,1055,152,14.407582938388625
E08000027,Dudley,1033,124,12.003872216844142
E08000028,Sandwell,978,85,8.69120654396728
E08000029,Solihull,682,67,9.824046920821115
E08000030,Walsall,852,71,8.333333333333332
E08000031,Wolverhampton,810,82,10.123456790123457
E08000032,Bradford,1575,219,13.904761904761905
E08000033,Calderdale,673,142,21.099554234769688
E08000034,Kirklees,1340,214,15.970149253731345
E08000035,Leeds,2607,361,13.847334100498657
E08000036,Wakefield,1150,174,15.130434782608695
E08000037,Gateshead,705,85,12.056737588652481
E09000001,City of London,34,1,2.941176470588235
E09000002,Barking and Dagenham,581,27,4.647160068846816
E09000003,Barnet,1113,147,13.20754716981132
E09000004,Bexley,740,101,13.648648648648647
E09000005,Brent,900,65,7.222222222222221
E09000006,Bromley,1039,162,15.591915303176132
E09000007,Camden,751,74,9.85352862849534
E09000008,Croydon,1175,133,11.319148936170214
E09000009,Ealing,1004,66,6.573705179282868
E09000010,Enfield,924,96,10.38961038961039
E09000011,Greenwich,894,84,9.395973154362416
E09000012,Hackney,795,62,7.79874213836478
E09000013,Hammersmith and Fulham,646,63,9.75232198142415
E09000014,Haringey,780,89,11.41025641025641
E09000015,Harrow,688,54,7.848837209302325
E09000016,Havering,775,97,12.516129032258064
E09000017,Hillingdon,838,88,10.501193317422434
E09000018,Hounslow,777,72,9.266409266409266
E09000019,Islington,729,63,8.641975308641975
E09000020,Kensington and Chelsea,621,34,5.475040257648954
E09000021,Kingston upon Thames,512,80,15.625
E09000022,Lambeth,1006,140,13.916500994035786
E09000023,Lewisham,934,132,14.132762312633835
E09000024,Merton,654,86,13.149847094801222
E09000025,Newham,940,45,4.787234042553192
E09000026,Redbridge,808,61,7.5495049504950495
E09000027,Richmond upon Thames,619,79,12.762520193861066
E09000028,Southwark,959,48,5.005213764337852
E09000029,Sutton,633,99,15.639810426540285
E09000030,Tower Hamlets,913,29,3.1763417305585984
E09000031,Waltham Forest,771,125,16.212710765239947
E09000032,Wandsworth,1039,175,16.843118383060634
E09000033,Westminster,777,24,3.088803088803089
W06000001,Isle of Anglesey,229,35,15.283842794759824
W06000002,Gwynedd,404,63,15.594059405940595
W06000003,Conwy,388,127,32.7319587628866
W06000004,Denbighshire,327,95,29.051987767584098
W06000005,Flintshire,510,76,14.901960784313726
W06000006,Wrexham,446,64,14.349775784753364
W06000008,Ceredigion,257,13,5.058365758754864
W06000009,Pembrokeshire,406,77,18.96551724137931
W06000010,Carmarthenshire,615,80,13.008130081300814
W06000011,Swansea,806,117,14.516129032258066
W06000012,Neath Port Talbot,485,66,13.608247422680412
W06000013,Bridgend,480,70,14.583333333333334
W06000014,Vale of Glamorgan,434,99,22.811059907834103
W06000015,Cardiff,1115,124,11.121076233183857
W06000016,Rhondda Cynon Taf,789,85,10.773130544993663
W06000018,Caerphilly,575,74,12.869565217391305
W06000019,Blaenau Gwent,241,22,9.12863070539419
W06000020,Torfaen,317,35,11.041009463722396
W06000021,Monmouthshire,305,59,19.34426229508197
W06000022,Newport,511,70,13.698630136986301
W06000023,Powys,440,75,17.045454545454543
W06000024,Merthyr Tydfil,195,13,6.666666666666667
