variable,mean_error,max_error,std_error,mean_value,std_value,rel_error_pct
ts0270005,0.024464164716885076,0.049894501898704015,0.017279439847935067,0.033447437526471835,0.1296003149981296,73.14211947484172
ts0010002,0.013100054215880591,0.030893861905467057,0.008188934531945245,0.9884674078780177,0.059257702371366704,1.3252894441914882
ts0010003,0.012989876597982182,0.03072061448616939,0.008187619300445963,0.01153259212198221,0.0592577023713667,112.63622662265362
ts0270003,0.008988787920090495,0.017738528554909788,0.00553313118596926,0.15357593710292247,0.0704193714430074,5.852992395590236
ts0270004,0.0077218799895719245,0.015276237886587218,0.005700959167805307,0.13784934349851757,0.06382881641663299,5.6016806417761185
ts0560002,0.007532964259756497,0.025757373465197464,0.00864017801862765,0.950107131512071,0.061004076122273765,0.7928541961123877
ts0390002,0.007326230033048345,0.010605502407494583,0.0025015080303253476,0.9103839263024142,0.029189125485675167,0.8047407056937312
ts0270002,0.006855626649253668,0.013214272869664478,0.004263925480732955,0.5450545266836087,0.11436907854509631,1.2577873063392058
ts0390003,0.006317885230084707,0.009898037822158097,0.0020435110682147256,0.04380641677255401,0.018640697691676002,14.422282614183239
ts0300007,0.006136725443069306,0.010230670192069483,0.0020788984895969437,0.05665086298178738,0.11762357133854535,10.832536558255423
ts0440008,0.006134202111172397,0.014249535625426198,0.004315765010671957,0.007947723422278695,0.024618541922366188,77.18187693820953
ts0560003,0.00584785622540286,0.016615671902411727,0.006200596349091962,0.03783079203727235,0.051795468093814134,15.457927023154387
ts0610005,0.005752235457442078,0.011175720675188551,0.0032266310219698675,0.04315648559932232,0.051564066944252224,13.32878564498404
ts0610003,0.005633908771049736,0.01707926521382548,0.005075595155851644,0.01627648771706904,0.042226228688132604,34.613786886844736
ts0520005,0.0056107392679003295,0.008207259294419289,0.0017986016345736462,0.03565058238034731,0.04406639042456636,15.738141969297248
ts0210005,0.005419270930725981,0.008841324328051101,0.0031688427713444218,0.027898522871664548,0.06502710836801812,19.424938573468793
ts0210007,0.005310513755381124,0.012089655824015826,0.003083025663839481,0.015138839474798814,0.02624132273037155,35.07873747007743
ts0440007,0.005134207037189498,0.016969926094453473,0.005350402478197143,0.007424994705633206,0.02859939692874936,69.14761882987297
ts0660028,0.005122699037527531,0.018639006340401096,0.005530973666863044,0.0501930749682338,0.056564455952956894,10.205987660189349
ts0390004,0.005082614220400732,0.007928617396793215,0.00157866422481672,0.031649163490046595,0.015624418259441967,16.05923714855583
ts0210010,0.0049597057528065445,0.011570091315906542,0.0029672774551460787,0.00982439114781872,0.023069459004141313,50.48359412998059
ts0300005,0.004938203579222058,0.0083424512142099,0.0016473106499986679,0.015583529224904703,0.0405014907963247,31.688608581232703
ts0670007,0.00492136830679793,0.008210353511757529,0.0020762825194548316,0.3362836086404066,0.14248743095924493,1.4634576828454422
ts0540005,0.004807777586016829,0.01369572419410664,0.0040495381096058965,0.009329209021601018,0.028998300034449136,51.53467539300293
ts0540006,0.004769027116332228,0.013695223142561497,0.0040612316122108525,0.009329209021601018,0.028998300034449136,51.11930824242374
ts0400004,0.004764208192056586,0.009346684360504162,0.0026050732019649338,0.06803078144853876,0.03601526631515172,7.0030184728370735
ts0460006,0.004523226186993515,0.014171002439166646,0.004347046767097261,0.035899835874629395,0.11341298408107342,12.599573443147976
ts0460005,0.004378677789740798,0.007180543295470049,0.0015420992407552984,0.08258347628123676,0.12265721974168413,5.302123362825365
ts0610004,0.0043547797192717164,0.010462780756305204,0.0034256476767869116,0.018077599534095722,0.026042419887244685,24.089369338325433
ts0170006,0.004352659684641122,0.00787276406086028,0.0024047676373663376,0.12915006353240152,0.0576535541752664,3.370234257414139
ts0160004,0.004350793260748621,0.008919167969617017,0.0020453807641873066,0.027935938161795855,0.034217199616881154,15.574179880948488
ts0440002,0.004299263928044287,0.008552461629970365,0.0027751515159392236,0.23193287801778906,0.2617057979224031,1.8536673044321625
ts0250003,0.004233971805360583,0.007395929840691774,0.002166159239906754,0.0425320097416349,0.05782945681368839,9.954788948559647
ts0680003,0.004220914310579221,0.009836159015275903,0.0035297515013136722,0.805984678102499,0.08285487555582727,0.5236965943963562
ts0580011,0.004203179138949445,0.009827719428322515,0.003677213434741688,0.1464846198644642,0.05245740053328341,2.8693654957349533
ts0040012,0.004200687441511451,0.012717718832638114,0.003668864239204499,0.013079479034307498,0.022271208984159064,32.116626591113
ts0270017,0.004194471989223623,0.010067924132485966,0.0032706818357744216,0.08742046802202456,0.09870860416342322,4.798043392042782
ts0440005,0.0041663454533260764,0.007892857901633576,0.0025215892928267002,0.1628092757306226,0.24282719040635115,2.5590344497444586
ts0160003,0.004165308999504936,0.01191987572472275,0.003450043492436858,0.09339732634476917,0.08547831899850364,4.459773274589266
ts0380007,0.004106441743180575,0.007020786584127525,0.0020375260841348636,0.7506827827191869,0.07098103557763226,0.5470275644668275
ts0170007,0.0040988624087723545,0.010362616016089302,0.0031450140510651046,0.04546439008894537,0.03300612388245433,9.015544694987538
ts0210008,0.004061125887872439,0.007986158108036455,0.0019699492606459097,0.037574301143583226,0.07219311963167319,10.808253950894787
ts0680002,0.0040293282184647485,0.009276426697351292,0.0033059349419399383,0.19401532189750106,0.08285487555582727,2.0768092844715924
ts0440003,0.004029175495304849,0.008126914498580579,0.002817095405230531,0.31910678208386273,0.24685429630915567,1.2626417617930674
ts0260003,0.00401925573420113,0.008020259981584399,0.002094967288411506,0.6397715427784837,0.1307418631711264,0.628232965277852
ts0030017,0.0040016571580620015,0.006713481413331279,0.0013264274062002354,0.04220393900889454,0.02730363547116435,9.48171486367338
ts007a0006,0.003938973306830212,0.01094492927048292,0.003928459956676124,0.0578803261329945,0.05080181196034341,6.805375107561485
ts0270019,0.003932812046656872,0.00951372357112596,0.0029705513774389786,0.09249473739940704,0.10074539464702756,4.251930604088708
ts0620010,0.00392043612244254,0.013410929423073259,0.004455761934213137,0.06885148771706905,0.07373200996998899,5.694047074992427
ts0210003,0.003912379344978901,0.01359735463885085,0.0037541392369064776,0.009336213468869124,0.040030781488215816,41.90541870132281
ts0210009,0.003867651302029161,0.010087365302136081,0.0031491762739414347,0.023074195256247352,0.04779288614480863,16.761803647223587
ts0210018,0.0038647714279907083,0.005371884880019495,0.0009181585427409438,0.7609081268530283,0.2440446156780412,0.507915646002451
ts0510008,0.0038081483856531083,0.0075913217932495145,0.002082444746521171,0.03728046378653113,0.051387685548127324,10.214863225572142
ts0210017,0.0037611189649974924,0.007163030266046699,0.0020948687652426238,0.8327855887335874,0.20377474871872325,0.45163113001475036
ts0440004,0.003744285289104551,0.007699916828592446,0.0026306523989995615,0.23294694515036002,0.2299391707233675,1.6073553944601984
ts0250005,0.0037152475217835466,0.0068590080910075485,0.0021100744832105367,0.04787245340957221,0.06680394124820961,7.760720951562249
ts0510002,0.003587564655611586,0.011076667524664015,0.003401818906173088,0.010215126005929692,0.03526756365405763,35.12012141141549
ts0300010,0.0035786022338913223,0.006775304831857162,0.0021343907692184996,0.05972515353663702,0.026712029901240636,5.991784067488601
ts0040011,0.003553006983745312,0.00626884296287189,0.001972456064951446,0.05054414443032614,0.0730637960867972,7.029512565284481
ts0630008,0.0035227669044826226,0.004667529932633543,0.0010420503154382934,0.07704929584921644,0.03718573418247685,4.572094872062933
ts0670003,0.003492181393243067,0.00788008519901931,0.00259368226439489,0.09739137018212621,0.03592960684418616,3.585719542411748
ts0150011,0.003466018565498512,0.007822964376644592,0.0019169933832394286,0.02023650465904278,0.02686419185514364,17.127555493876777
ts0520004,0.0034655595433936443,0.004494153242982149,0.0008542320388982821,0.2629169843286743,0.16261372304377622,1.3181193114026157
ts0580006,0.003406997659508523,0.008898236468917596,0.002734156861778776,0.04098711351122406,0.03429566958499477,8.312363003009564
ts0510004,0.0034053387247069845,0.006612983639723402,0.0018276096125830017,0.22766944620923338,0.16390851563493286,1.4957381332484119
ts0510009,0.0033735851220445296,0.005512233282455526,0.0011928422255193705,0.014948602287166456,0.02714989122127315,22.567896698548136
ts0460012,0.0033718612779514486,0.006594817601987671,0.0016897588995821973,0.08566624311732317,0.0374855686712701,3.9360442984917134
ts0040010,0.0033689927127733416,0.008727779013112516,0.0025485605606665215,0.025251688903007198,0.034531219597441626,13.341653010671028
ts0380005,0.0033431542244579115,0.007343731625229499,0.0018310914399426706,0.8199351863617111,0.06872467388557732,0.40773396239920506
ts0580005,0.003325755544446961,0.007342952164736655,0.002509934748108153,0.10591817026683609,0.059788329682134794,3.1399291887959326
ts0260005,0.0033237200309284578,0.004406596301777154,0.0008162899333225974,0.0216469610334604,0.025527888380741097,15.354210809502902
ts007a0009,0.003318780214358181,0.005312524150126258,0.0016341735909615772,0.06604722575180008,0.027077051131395656,5.024859373851489
ts0750004,0.0032478244888238805,0.004529840230941717,0.0012832253325883985,0.3294573432867429,0.11954684680014471,0.985810319607033
ts0670006,0.003219561978246032,0.011173250513019067,0.0036846207162171195,0.16512148983481575,0.05516557949119092,1.949814031757355
ts0510010,0.0031890618334790843,0.006578829110266842,0.0016012047985173362,0.01151177467174926,0.02641474598281005,27.702608193897994
ts0450005,0.0031850986061524476,0.009310420823919514,0.0025620917479578075,0.0930038807708598,0.07123100414095217,3.4246943028106527
ts007a0002,0.003180974547543111,0.005087595566387881,0.001069034972081738,0.05293535578144854,0.025833442300821467,6.009168164801302
ts0460010,0.0031674292367360555,0.008199130343163392,0.0028633127000348454,0.008714188903007201,0.041150615914035335,36.34795242553211
ts0020013,0.003158180758892855,0.006625242507478563,0.0021031296126454192,0.09431160525201186,0.03806752895009898,3.3486661057818057
ts0380002,0.0031433799442674507,0.007289491398483894,0.0019096964871008605,0.1800648136382889,0.06872467388557732,1.7456936092921618
ts0300002,0.0031191166398954057,0.0049156097053693615,0.001413189052027997,0.37589863934773393,0.12244840138613007,0.8297759857039528
ts0030012,0.0031024565881208853,0.012122768223813543,0.0037883447400793567,0.062071511012282934,0.041329266197642905,4.998197301024233
ts0020014,0.003099940569905542,0.00661685888021088,0.0021222147295684693,0.0940592016094875,0.03802176543331292,3.295733449637169
ts0110005,0.0030740735278510577,0.00652280420200391,0.0020090150438511496,0.03754959233375688,0.03792045103752219,8.186702802329712
ts0580007,0.003021590281539494,0.0064365828660878435,0.0020947403842498393,0.017230548496399833,0.0189442389117814,17.536239674383136
ts0610010,0.003013345458873718,0.004793036804265245,0.00131137854862913,0.02036310885218128,0.022967460137158967,14.798061930268227
ts0030008,0.002982964143005448,0.006282681819476325,0.0020094531520731223,0.10459865523083439,0.04864170601153263,2.8518188273285823
ts0510007,0.002977304645350985,0.005929428219401182,0.0015130447105348973,0.08771511012282932,0.09147081733828995,3.3942893546867836
ts0300006,0.0029731415801000317,0.006028014375138746,0.0026041671269358886,0.004362335874629394,0.0272635096972906,68.15480663447579
ts0440009,0.0029706627916830687,0.011449999675611004,0.0037740410360129597,0.004116349004659043,0.03442986263664255,72.16741797939771
ts0460004,0.002966785794072306,0.008781217952521202,0.002594585313645421,0.010521341592545532,0.03197178746333007,28.197789872864703
ts0440006,0.002964311357620204,0.008761313847996373,0.002545994528889442,0.03370988458280389,0.08590778849540945,8.793596876129207
ts0380003,0.0029406284784897737,0.005214810074901918,0.001628451530156286,0.07724779224904703,0.04544323997518353,3.8067476012896027
ts0610011,0.002940168174239851,0.012623733975670556,0.0037667855559842035,0.07874833227445997,0.06021637024232265,3.7336259566647607
ts0620008,0.002929155581114175,0.0054121509016081815,0.0014368619660554201,0.12335080474375265,0.0670353717080128,2.3746546179404056
ts0530005,0.0028647820816267407,0.005613968614659376,0.0015371047020086817,0.051573305802626,0.06102455237185043,5.554776908407668
ts0190004,0.0028225299092657277,0.005783084509652772,0.0019813232638405797,0.09263702350698858,0.06370766270538428,3.046870249509684
ts0030016,0.002819401975404499,0.0062003620605345505,0.0019521901942611028,0.06915638500635325,0.0541349257972432,4.076849845672943
ts0230003,0.002817294733691633,0.008335728250656704,0.0023813959198462887,0.5985514294790343,0.13041624274742392,0.4706854908263678
ts0210006,0.002816133045110937,0.0053886465633457385,0.0013073215074262468,0.02233417513765354,0.07130280087623452,12.609075677763329
ts0590003,0.0028015824737136485,0.005855701051032572,0.0013099144817214545,0.10462343286742905,0.04441313750694829,2.6777772406527736
ts0030013,0.002794924109745255,0.010608218155657247,0.0030980597754837226,0.045005368487928854,0.029274730670226866,6.210201590716665
ts0660031,0.0027891264981536783,0.006317251190032035,0.001852455698794149,0.0307723845828039,0.025340379625070554,9.063732096056953
ts007a0008,0.002770019421439779,0.0052285322741273815,0.0019116173340019006,0.06930295425667089,0.03616609367534286,3.996971631513307
ts0050015,0.0027542622434034852,0.006220204212948964,0.001763816371592875,0.014093546166878442,0.02028854770894685,19.542719843472316
ts0620004,0.0027290092371490236,0.008275970632379698,0.0028307657326959,0.11502242164337144,0.035444013210127766,2.3725889249753003
ts0030010,0.0027132612324466295,0.007823653156802786,0.0021519490052874474,0.05710111181702669,0.03444380212426673,4.751678463181125
ts0210025,0.0026954250807148215,0.004813221065814742,0.001535339910393401,0.014531861499364676,0.023690658662011133,18.54838129879413
ts007a0019,0.002660690129794396,0.006624470489401478,0.0019330710850896083,0.025781750317662014,0.027216259125575643,10.320052351029352
ts0660027,0.0026553122977547514,0.010313491612832654,0.0030764814114134197,0.22160988458280392,0.12248803269137318,1.198192175747739
ts0290004,0.002653764184645276,0.007186482057646354,0.002160493637718835,0.0373653695468022,0.04424846319563255,7.102202431910351
ts0160005,0.0026456536162731605,0.0074339970454203735,0.0021151953766197712,0.021335149301143583,0.031061557784571023,12.400445757046336
ts0190003,0.0026297997031526042,0.00634946589239619,0.0024448870386446814,0.005274311732316815,0.02049207464564689,49.86052847500972
ts0050023,0.002624193216241923,0.007033188800896831,0.0018354256679320594,0.016494626217704363,0.03231602088432858,15.909382738393116
ts0660005,0.0026222102222166633,0.005951728218293512,0.002075872033314716,0.11954474269377383,0.03289299468048111,2.1934968975873117
ts0630005,0.0026165154765839752,0.0054953314245111545,0.0014232625323581738,0.09223490046590427,0.03380290969108131,2.8367954682741825
ts0210022,0.0025922317915080236,0.00464656093805256,0.0013266806762090172,0.06049690279542567,0.06725783515936772,4.284900005995066
ts0210024,0.0025785806361014432,0.006834689915550085,0.0019286287762395981,0.005277509529860229,0.015346349690020935,48.859800659985446
ts0580002,0.0025763243173965063,0.008990023585883064,0.0025992100418905316,0.11254389559508682,0.08122487164096243,2.28917286341826
ts0400002,0.002568972370591241,0.005754950269283299,0.001661826768711673,0.6753492905548496,0.09379430499838548,0.38039165903034255
ts0510005,0.002568733669213275,0.00465479377532782,0.0010032019400494688,0.2796401842439644,0.17137013870101606,0.918585315682761
ts0500002,0.002553652167471983,0.004526516431132596,0.0014826473408122711,0.1116953462515883,0.1423470506555268,2.286265500909954
ts007a0007,0.002491335910245777,0.008976226322710695,0.0032465552173484347,0.06533079203727235,0.04068036017238348,3.813417582362122
ts0540011,0.002480583558589298,0.006401323275132598,0.002155081153426012,0.1776636912325286,0.14986656777024,1.3962242602190884
ts0380006,0.002470878082088494,0.006438450335066834,0.0021287766207057726,0.06924768636171114,0.023149491779566385,3.5681742046687464
ts0620002,0.002462036115100843,0.0051271666238414115,0.0016068787526136836,0.1303436679373147,0.08414525118233515,1.8888804911373933
ts0150012,0.002456094966871175,0.006991026331900477,0.0019937508969560883,0.02310032295637442,0.034979163302211375,10.632297096060416
ts0540007,0.0024550806655124395,0.006666641676650487,0.001955904167099385,0.17129832168572637,0.20615196744950012,1.4332193341722694
ts007a0005,0.002438583512593782,0.005469631024358344,0.0021528101188280635,0.0529977128335451,0.032176432029329925,4.601299532024845
ts0030021,0.002431818585016605,0.005979031694380368,0.0018257318609724658,0.02695443667937315,0.02981312016850089,9.021960332332048
ts0620007,0.0024109318386816778,0.004753865946422922,0.0012708927088866033,0.11618135853451926,0.04570911934286333,2.0751451601982716
ts0660006,0.002403474084477053,0.006297774980858373,0.0022406964569685445,0.3425135059296908,0.10041621865142847,0.7017165871907032
ts0630007,0.002372375287993728,0.0078054405752078365,0.002337548089331123,0.09694416031342652,0.04415089574983283,2.4471564664892558
ts0540012,0.0023712608125925775,0.0056226428530433,0.0018206785953253641,0.022780532613299452,0.0328637050900942,10.409154398823041
ts0300008,0.002337340415299697,0.004406355774365428,0.001066303152363071,0.0077626376535366364,0.02906725651865327,30.110131628194843
ts0030009,0.0023229462906412847,0.005513550802769773,0.0014677497878761046,0.14338001376535364,0.07474651890975026,1.6201325621595117
ts0580008,0.0023217776129997652,0.003954888793276493,0.0014738616956084453,0.013078515459551037,0.015884088813176697,17.75260823891298
ts0150013,0.0023154138998269713,0.006803080911180703,0.002260090860983247,0.010452832486234645,0.022938973739179726,22.15106673598897
ts0510003,0.0023044162989841604,0.005220150665207091,0.0018646314373533708,0.09616014400677679,0.1287776923101705,2.396435989968733
ts0750005,0.0023037481713780814,0.004700198097662506,0.001393787501040976,0.20307646653960185,0.08438128723168502,1.1344239983261815
ts0630004,0.002288593803471378,0.0049559875942843945,0.0017867697771241729,0.12818057496823382,0.046876512006501524,1.7854451066696697
ts0270006,0.002288419184330608,0.0049184237010751215,0.0017288365034286604,0.005863013553578992,0.01983416515524971,39.0314496703436
ts007a0011,0.002272645440126623,0.005135972297695697,0.0015044822530404034,0.06338661054637865,0.02015895772254565,3.5853714539031487
ts0610009,0.002260004918531506,0.003666187377836052,0.000752606186457781,0.04042530177890725,0.030280359377576227,5.590570308891821
ts0030007,0.002251297422908822,0.0041760274920083496,0.0012595408568343396,0.3050937950021178,0.111964132917692,0.7379033791536778
ts0540009,0.0022178320119945146,0.0054219956340316455,0.0014223804926856089,0.08667988670055062,0.1319090791692299,2.558646643893717
ts0020017,0.002215745158800767,0.0040965364718579915,0.0013767993535395684,0.06269952880135536,0.03940066756633913,3.5339103836341272
ts0020016,0.002197599023067238,0.004108068249852957,0.0013870706159963522,0.06278915184243965,0.03941306649145865,3.4999660906103602
ts0620003,0.002190856868377368,0.00483554973683481,0.001201542193508991,0.19967573591698431,0.06549509288407639,1.0972073588792093
ts0670005,0.002176811562339929,0.003868261277909825,0.0011304102646981305,0.054256792672596366,0.0249832169360511,4.012053523833481
ts0030006,0.0021394321562829607,0.0036029440934021092,0.0011000372334377105,0.09279491740787801,0.07097410788499904,2.3055488555252803
ts0400003,0.0021317064726057225,0.003547216869473069,0.0009460651645415094,0.25661197056332063,0.07503393733182218,0.8307120154707321
ts0630002,0.0020880721025823314,0.003959463571677174,0.001243623929946223,0.12512702774248202,0.06604346306781447,1.668761849661844
ts0370004,0.0020725265644877568,0.003846535069173068,0.0012489550965651488,0.1308551461245235,0.046365802435195315,1.58383267748256
ts0170010,0.0020443396287890886,0.011054076809909961,0.003590118723370416,0.004083439220669208,0.014511098508852465,50.06416205342846
ts0040004,0.0020368778007623764,0.003510782242632092,0.0007779530082357813,0.059836896442185525,0.05974640463582629,3.404049878707212
ts0160006,0.0020172026671704812,0.006468396796243482,0.0020213068523745573,0.01759770224481152,0.033078401884584205,11.462875318084382
ts0660026,0.0020032381830476717,0.004941239915911777,0.0013147407287327259,0.3937322003388395,0.1120841240926433,0.5087819033657186
ts0270007,0.0019964602639691706,0.005892699361290898,0.0016381926171579555,0.012229177255400252,0.02000447175535772,16.325384956600892
ts0750003,0.0019681841558030167,0.004115358313751202,0.0011023927704765226,0.018609715163066497,0.014072876068646403,10.576111125597157
ts0050019,0.001963413767776921,0.004253630147707629,0.0011545132860625387,0.006031792672596358,0.011387046276471293,32.55108181514764
ts0270020,0.0018893723798330906,0.003748862732054865,0.001305533693551798,0.01947006035578145,0.019780300336547745,9.703988304648782
ts0020004,0.0018808273931108163,0.0027763001151562827,0.0004943302555607138,0.44269881935620503,0.13334875086157738,0.4248548473307452
ts0210012,0.0018783755763890086,0.0033933153802698304,0.0011575404237898046,0.028008868064379504,0.02528906743682013,6.706360185893578
ts007a0010,0.001875010942210007,0.006583277957114081,0.0023877229249549712,0.062232110334603984,0.0217555861609284,3.012931639516349
ts0230006,0.0018513634406261217,0.0055224354863166805,0.001600179435418822,0.026454119017365524,0.03644248777946621,6.998393858479332
ts0050002,0.0018389556362607556,0.0049010099640240945,0.0013112172977317012,0.8328747193985598,0.08319600777541701,0.22079618860189593
ts0030022,0.0018367519539759856,0.004235711569511816,0.0010861790379547024,0.04185899512918255,0.05007437168238579,4.387950423337969
ts0030005,0.0018365982706569223,0.005230995914176806,0.0014788308585451343,0.631363940067768,0.12400106949294042,0.29089375463219985
ts0560004,0.0018314317559153344,0.008939561853786353,0.0027782570020937944,0.012057925667090217,0.019122256372503685,15.188613750654262
ts0270018,0.0018182791107325016,0.0037120071912409933,0.0013063507974496332,0.018425031766200764,0.019133068058459463,9.868526327688553
ts0660014,0.0018150659760825605,0.005952438451932433,0.0017034277516436859,0.021209392206692077,0.023157400982491555,8.557840594365846
ts0150009,0.0018001676344840231,0.0037900227640239384,0.0010670172855297155,0.04285592969080898,0.044033787981221546,4.200510051868255
ts0020005,0.0017816385963073111,0.0027211946843817003,0.00044909160826191337,0.43990242481999153,0.13378696401349016,0.40500767801776927
ts0210002,0.001768616375993565,0.004958131860005814,0.0013418042534770538,0.08181295002117747,0.13588641087125353,2.161780470617127
ts0620006,0.0017578740053678533,0.0037766699414216523,0.0010590371530386214,0.05488319567979671,0.02379159269595505,3.20293667960547
ts0590005,0.0017552525310441658,0.003222673102033058,0.0008049921494595354,0.695392328462516,0.07330603001617401,0.25241183418358343
ts0670004,0.0017536270407790197,0.004418861529190382,0.0010333662107607727,0.13452166984328676,0.038433248542090744,1.303601897613921
ts0540010,0.001737897184762395,0.004284854633635371,0.0013078374865306897,0.2004457115628971,0.15735729516962313,0.867016396216123
ts0450004,0.0017113972767618113,0.006506718404590148,0.0019191712056877144,0.26224800402371873,0.12679407813095034,0.6525873411822138
ts0040005,0.0017103105061794831,0.0038243935072632407,0.0010683469964363882,0.027145213892418467,0.03098496283973227,6.30059690433003
ts0020002,0.0017035576930575329,0.005294364864175949,0.0015862338922702167,0.37513169737399404,0.13401504272473122,0.45412256681661894
ts0290002,0.001701619311650887,0.002922443565829269,0.0006108488096526279,0.9163625635324014,0.10066634046649531,0.1856928010122404
ts0630010,0.0016736921036339097,0.004994672971412956,0.0014668779146451375,0.10859703515459551,0.06664761584975178,1.5411950254915259
ts0190002,0.0016669973824643969,0.00474777812574656,0.0016710219517848273,0.8934392577297755,0.0835019571707055,0.18658206118009954
ts0210004,0.001651802188342408,0.0026228579929218664,0.0007092296613107115,0.0070986181702668355,0.01637684718371873,23.269348325581475
ts0210023,0.001645123949537146,0.004531179889112887,0.0013396997077062616,0.019809455739093606,0.03223065671945184,8.304740782405865
ts0460003,0.0016397525113029665,0.003577157958654542,0.0011685881217421842,0.7398459921643372,0.21794999697650538,0.22163430344551205
ts0190005,0.0016152367176333485,0.005205428500311159,0.0014353832152889732,0.008644742693773825,0.016778192781203183,18.68461300527412
ts0170005,0.001611996966186328,0.004643555139092842,0.001317339303397755,0.1599624947056332,0.051768892853881025,1.0077343249445836
ts0290006,0.001590761615968015,0.004665343354174192,0.0013725071250125975,0.014020621558661584,0.023234917154166288,11.345870861090912
ts0580004,0.0015859460956718589,0.004088532166047543,0.001287070645178291,0.119149666454892,0.06662901367482978,1.3310537434632859
ts0590002,0.0015821531920358206,0.0029242922502874524,0.0007406714874352684,0.30460767153748414,0.07330603001617401,0.5194068764092585
ts0050034,0.001563081196353757,0.0021125932353399657,0.00042279081669438474,0.138183958068615,0.08638158734235643,1.1311596644073634
ts0660016,0.001561028510337319,0.00502719082544573,0.001670244047394062,0.01436262706480305,0.015520835636126476,10.868683725436025
ts0580009,0.0015606756213889393,0.003109746748426097,0.0010830535391198625,0.01410722151630665,0.01562117154636633,11.062955377747077
ts0030015,0.001560597140942756,0.0022334101789040633,0.0005032855178163172,0.11136566603134265,0.06961205811510987,1.4013269947162559
ts0270012,0.0015453177116482432,0.005875543411330652,0.0018148517250512097,0.0015229246082168575,0.014631123812709024,101.47040131274818
ts0050005,0.001542754402932808,0.004984739364628427,0.001739244564236432,0.059517714951291836,0.0708558745786685,2.5920927982456465
ts0210011,0.0015300672769421127,0.0024040925668563466,0.0004644866999204538,0.004673406395595087,0.011020040622808917,32.73987210665599
ts0110002,0.0015291543321440185,0.0021268983126604968,0.0005158679965803524,0.4819735969927996,0.13317834401305373,0.31726931551540216
ts0020003,0.0015288036777888828,0.0024672287271096938,0.00044156249900440756,0.4448491687844134,0.13309486093244144,0.3436678733078143
ts0290003,0.0015227616051637068,0.0023519377083616178,0.0005620915809042868,0.08363743646759848,0.10066634046649531,1.820669869232101
ts0150010,0.0015038619779144116,0.002785247135321453,0.0006982235793370926,0.014118572638712412,0.018067188486938134,10.651657333907098
ts0260006,0.0015018328694194696,0.0057343397749337124,0.0017019675024880167,0.019146828674290555,0.032363582690275484,7.843768255136993
ts0110004,0.0015012841417420455,0.0030639373605901576,0.0009694697673365176,0.1431305802626006,0.07320535800661711,1.0488912564929527
ts0370002,0.0015005510339873088,0.003616460230964069,0.0009453765509336215,0.47721756670902166,0.08697509319329953,0.31443750998844805
ts0660015,0.001498885656617458,0.004916624806562058,0.0016954842544464855,0.01564853346039814,0.01677976699928651,9.578441714111415
ts0530002,0.0014969188814443792,0.002673372083933645,0.0009528236130932261,0.46128400571791617,0.22299414991472077,0.3245113342082303
ts0540004,0.0014810676875251956,0.003290109032256461,0.0008361819821146164,0.2870199385853452,0.12853337682800967,0.5160156102133654
ts0030020,0.0014755283121171197,0.0041139920465485535,0.0012334879240616312,0.06880784095722152,0.062318735375171894,2.144418850512211
ts0650004,0.001454988839808935,0.004317707834746942,0.001159430312596275,0.24742724481152056,0.11774455494897167,0.5880471412585477
ts0230005,0.0014434003810303237,0.003834361141141676,0.0011992245939632402,0.057570314485387554,0.043057600460102444,2.5071955814948454
ts0050006,0.0014253933473886633,0.0033116532428701384,0.001105965781678022,0.05669574332909783,0.0676811540652871,2.514109990788518
ts0590007,0.0014152374375408765,0.002558449683335684,0.0007855863443767672,0.10859084603981366,0.05161702210548974,1.3032750817891179
ts0180012,0.001409921088262431,0.0039312571298456,0.0011740049231008614,0.027719012071156294,0.03187545252372687,5.086476692037518
ts0380004,0.001398507627592251,0.002853272055269418,0.0009876988499349043,0.10281220880982633,0.03270368167490631,1.360254432602549
ts0630006,0.001375381209272903,0.002867112593584825,0.0008050541829916543,0.10463833121558662,0.04670655480411893,1.3144143195854314
ts0580003,0.0013751140912467343,0.00306916596130892,0.0011700634567252048,0.12821246293943245,0.0803352180929343,1.0725276308718428
ts0520006,0.0013700847910469204,0.005320796806105501,0.0016709609046011776,0.007223702880135536,0.017519491748947753,18.966516394445254
ts0620009,0.0013621904003584626,0.0023749714439565486,0.0007141264261013001,0.08590792037272342,0.057502673874289076,1.5856400602510348
ts0530006,0.001360711253957577,0.005553388361734871,0.0016259423551851218,0.011090538966539602,0.022926624149493615,12.269117470871999
ts0180011,0.0013377839874929376,0.003722794001752676,0.0013069466735189203,0.030071712198221093,0.034021613854699706,4.44864588579055
ts0660012,0.0013278839789107144,0.0018753708756542031,0.0004294073793194179,0.04481275942397289,0.022001103618976163,2.9631827987819777
ts0660017,0.001315912208123718,0.004466384524708822,0.0014198619019336204,0.01142776365946633,0.013286931172095059,11.515045702171708
ts0500004,0.001302703732535198,0.002129949944644216,0.0006802633623607421,0.4082914495976281,0.1924386382123546,0.3190622125001674
ts0290005,0.0013016285656389677,0.003724392639002594,0.0012424044184373279,0.029715406607369762,0.03978394961299993,4.380315513892881
ts0050026,0.0012920201956252303,0.004223139156532944,0.0013009132113663074,0.010350439432443879,0.024685068932640407,12.482756930834645
ts0050029,0.0012529500348330128,0.003592500805252582,0.0012282353729537654,0.0050596516306649734,0.01258450160379987,24.763563310155046
ts0030011,0.0012497927293542259,0.002267541205201007,0.0006613113338717724,0.11439663807708599,0.053149607385936985,1.0925082680419813
ts0750006,0.0012435101798298851,0.002459653119308111,0.0008438743788782074,0.13719473210504024,0.05013726353045733,0.9063833288276826
ts0050014,0.0012433312895960336,0.0027777975338815694,0.0009252892192938666,0.008638447691656078,0.01934561325606827,14.392994366302336
ts0510006,0.0012387969114701653,0.00239376135415284,0.0005957498138847343,0.2348558238034731,0.17534930288995512,0.5274712338012056
ts007a0004,0.0012301005234657382,0.0022428924811812717,0.0008134516505411836,0.05843018847945786,0.02504289486218661,2.1052482551861034
ts0050009,0.0012257262874967164,0.0035922550569927256,0.0011276436203438694,0.0059459551037695894,0.012347267411036809,20.614455812483953
ts0590004,0.001213012945631288,0.002987847786659281,0.0006972923670557044,0.19998283566285474,0.05453397391757498,0.606558528691068
ts0450002,0.0012036398547767002,0.0028169428901706484,0.0007694278044735334,0.23205446844557392,0.17656321128235225,0.5186885056940853
ts0660029,0.0012014662640856275,0.0029821411696347305,0.0008921425520417863,0.04767282930961457,0.030684566620161346,2.520232764627037
ts0660011,0.0012007426447872929,0.002620525624202466,0.000871028742621626,0.03450159360440491,0.01931727953507542,3.4802527052953023
ts0540002,0.0011994705586444755,0.0032209643762992346,0.001163432729579771,0.6175940491317239,0.24483880318585674,0.1942166638961001
ts0300003,0.0011815081511409378,0.003134221467104792,0.0009556477537160307,0.469450206480305,0.12093675261538053,0.2516791205608951
ts0040007,0.0011742441818137475,0.0021428290564905507,0.0007364641763102406,0.010924957645065651,0.02197474740957101,10.748272166932425
ts007a0003,0.0011730215421693162,0.0043617508886527115,0.0013402941874162296,0.057410398136382886,0.024823013686322417,2.0432214028244706
ts0030003,0.0011699643002194872,0.003421886172625635,0.0009645522469836462,0.1293958703939009,0.07855616241637098,0.9041743733072285
ts0520002,0.0011688510977619151,0.002953436174783247,0.001031450823598024,0.36149802520118596,0.19462953538900615,0.3233354033155256
ts0390005,0.0011678084318691778,0.0020558270427801176,0.0005073183171014005,0.01215361605252012,0.00799670482801093,9.608732305041233
ts0050021,0.0011537187809877363,0.002254246111053569,0.0005270329225698792,0.0030616529013130027,0.00830626630707963,37.68287321181833
ts0260004,0.0011447682044950864,0.0023340622113804913,0.0007712588884640166,0.01959495976281237,0.031658682513547656,5.842156444064998
ts0630009,0.0011348016980582522,0.0034998699736904434,0.0009201316449338728,0.07224310144006778,0.04670421402351096,1.570809773442068
ts0660013,0.0011305340833681003,0.0031261561214923836,0.0009078225740574575,0.02858560991105464,0.02000121789711655,3.9549062863650835
ts0040002,0.0011206737980089115,0.002239430498499284,0.0006348452333402515,0.9077341063108852,0.10504128648068742,0.12345837731749805
ts0670002,0.0011023487095611038,0.002925465544532324,0.0009631226652888359,0.18498267153748413,0.0888315466799661,0.5959199855850976
ts0150005,0.0010919956043331114,0.0015460191999051931,0.00034527405492595144,0.008748030495552731,0.011421599576794696,12.482759460980999
ts0530003,0.0010897961665500347,0.0031897832178275354,0.0009400032060728162,0.26590302308343927,0.10158672141626389,0.40984722697494913
ts007a0014,0.001080033062334498,0.0023468801356925292,0.0007331804356873733,0.05982461880559085,0.02562382267652584,1.805332125632474
ts0460002,0.0010795061706652782,0.0029798322254159697,0.0007821223417151053,0.014783672172808134,0.01666109740237914,7.302016427629075
ts0150007,0.00107644863374818,0.0032654270860148736,0.001032226835194805,0.009254844345616265,0.01241446767943863,11.631191120551483
ts007a0013,0.001071837118512148,0.002772569239622824,0.0008567238962053312,0.06910121240999577,0.024994904909393743,1.5511118852049293
ts0050012,0.0010636299677155155,0.0027313267857525603,0.0009581350293894375,0.0029703991952562477,0.009074599019500453,35.80764394947795
ts0080002,0.0010608715550540493,0.0020674167675641675,0.0007045925443514514,0.51102597416349,0.03330557313709597,0.20759640579730096
ts0660030,0.001056278314892916,0.0025414005150645527,0.0006730101706798175,0.04347325285895806,0.03872914536440566,2.4297199897137673
ts0500003,0.0010395407878065841,0.0016557719057256892,0.0003817751699117115,0.268012319991529,0.16311631317757677,0.3878705232055901
ts0300004,0.0010393081253113432,0.002285000647653442,0.000692485234890444,0.004607459762812368,0.00840097204796732,22.557074370996897
ts0650003,0.0010360862585789901,0.0023425319176058057,0.0006551119578635276,0.619510445785684,0.14163675558789704,0.16724274233422984
ts0040006,0.0010288247688069118,0.003849522457279528,0.001162785196325549,0.019974380559085136,0.02875679817430387,5.150721774643277
ts0540003,0.0010271895548818397,0.0021504235911121716,0.0006861777465566948,0.33057555061414656,0.17747001836945836,0.3107276242824119
ts0030004,0.0010230655526384368,0.002960077099837588,0.0008317547987387483,0.17041758788648878,0.10383026250155462,0.6003286194379638
ts0370005,0.001021809615213599,0.0021781989514208996,0.0005930264481047431,0.042052604828462514,0.026793983702765384,2.429836675710529
ts0050030,0.001021745022836193,0.002903983078568942,0.000996243279029378,0.0034391412537060568,0.01059791899584811,29.70930669786096
ts0670008,0.0010038975939821618,0.0018671613567634443,0.0005099446249768184,0.0274304902583651,0.01584303973784225,3.6597872824238604
ts0630003,0.0010012592278897635,0.0029735977902768385,0.0010767486617022396,0.19495401842439644,0.0930659404173912,0.5135873761320051
ts0150008,0.0009994100631047376,0.003096167603238824,0.0010944057361890046,0.017372792249047017,0.022632112000510945,5.752731332866541
ts0040009,0.0009961892921704512,0.0029879809363070045,0.0008982427583247078,0.00816158936891148,0.015114743186585292,12.205824713076861
ts0250004,0.000992796716179438,0.002447322746569461,0.000736179673556341,0.013349481152054216,0.02070520422687581,7.436968559835501
ts0210015,0.0009926538568511124,0.0017219057478060533,0.0005701254153803347,0.008346113934773402,0.011893993118082442,11.893605390591437
ts0610012,0.0009918093115961137,0.0018112332548128763,0.00043331654815568273,0.010465411901736553,0.011113081001135486,9.477021266898632
ts0050025,0.00098633231901477,0.004481796604914233,0.0013368442088681793,0.0027200444726810675,0.011061364985772988,36.261624724193254
ts0080003,0.0009711182470567015,0.0018425155173993901,0.0005957914809899108,0.4889738987717068,0.033305528686708344,0.19860328935678
ts0210019,0.0009690819799243151,0.001877208390387573,0.0005904096094026227,0.008638955950868277,0.01097749166765385,11.217582141125693
ts0050010,0.0009688530692480699,0.003375954136900873,0.0010054159524057024,0.004436128759000424,0.013604458554441435,21.840057443832578
ts0610008,0.0009440905808293758,0.004254433649234918,0.0012882745713568911,0.45779533566285474,0.15620781714665116,0.20622546961130578
ts0110003,0.0009177584958417126,0.002079430081627587,0.0006437971296939512,0.3350498623464634,0.059626374630462664,0.2739169893741638
ts0530004,0.0009148233782256109,0.0021335982841255152,0.0005966618156729805,0.21014716751376536,0.14571164871959102,0.4353251052816055
ts0620005,0.0009141775399799119,0.0028489073880729465,0.000906785883176055,0.10576716433714528,0.043115136311782654,0.864330197097715
ts007a0017,0.000906943822890359,0.0015848008506850753,0.0004070760451662828,0.03848706056755612,0.027658495872796004,2.3564902320830807
ts0050016,0.0009048419200431111,0.0018087108066005553,0.0005320289449833441,0.002820880982634477,0.006769238145451109,32.07657202176822
ts007a0018,0.0009017048635568132,0.0014458282970489233,0.00044178256461546874,0.02693118382041508,0.021907306053956067,3.3481813111879597
ts0370003,0.0008918016977951249,0.0015024692153371433,0.0004966338616049159,0.3373946685726387,0.04434317952823824,0.2643200325505814
ts007a0012,0.0008846927409151143,0.0020770525656055513,0.0005978506873249261,0.06983715057179161,0.022371713010686318,1.2667938678363782
ts0030019,0.0008831052761508602,0.0028313391065268867,0.0009484346844135528,0.007706485599322322,0.011390892793169181,11.45924773061948
ts0660025,0.0008820973999375527,0.0014378412603397814,0.00036063158035323035,0.005560488140618384,0.009559541201045614,15.863668397995259
ts0500005,0.000871973479976312,0.0017648900021218356,0.0004991915848474401,0.21200083121558663,0.17725379315706563,0.4113066326091853
ts0180013,0.0008657060621975075,0.002036259879662522,0.0006871890069685651,0.03413970245658619,0.03850849862302357,2.5357750651119
ts0030018,0.0008578273188306469,0.0027833517795472495,0.0009348815903423181,0.007706485599322322,0.011390892793169181,11.131238847784013
ts0660007,0.000855794045527539,0.0014140534921088452,0.00037535023695364387,0.01508203621346887,0.012020559901646497,5.674260646339519
ts0050027,0.000849102827081342,0.0014511318221524234,0.0004522653201457103,0.0021533354510800506,0.005913588751408429,39.43198105318225
ts0660004,0.0008473914798941828,0.0014120939623307738,0.0004482973974261343,0.46206083227446,0.10646534389654316,0.1833939214719762
ts0210014,0.0008317737099475225,0.0015827308540572026,0.0003592346701330603,0.004069117958492165,0.0068404618207597466,20.44113044724172
ts0210013,0.0008317095815551068,0.0013912042726085625,0.0003908266348662755,0.007951741846675138,0.009279625121128818,10.459464072049443
ts0020011,0.0008171331577370132,0.0014477126185506797,0.0003401904909642499,0.022741401948326984,0.01419254962925888,3.5931520826803167
ts0660010,0.0008047155338873858,0.0014511473097190558,0.0005220278136869098,0.07932166454891995,0.03518874797271689,1.0144965293700998
ts0390006,0.0007999710346258643,0.0016516707141277162,0.000484779208936534,0.01850897924608217,0.011175192634202157,4.322069974740479
ts0450003,0.0007994340294233959,0.0017782791798534037,0.0006468586580816278,0.4126900677678949,0.08654535828080098,0.1937129317764472
ts0040013,0.0007962181331721521,0.001922172305258838,0.0005749942196387174,0.0030334551037695893,0.006386964895524452,26.24789574708768
ts0020010,0.000785860903021348,0.0014725925051502567,0.000366076078317125,0.022909185726387123,0.014277606159919971,3.4303310139748104
ts0660002,0.0007728063897434884,0.0020791647217490716,0.0005838541055543609,0.5850570679796696,0.11356600685725235,0.1320907706340782
ts0180004,0.0007698924364601715,0.0012689023661628593,0.0003405733468845874,0.01860680326132995,0.014579341200119991,4.137693217083773
ts0050018,0.0007564769321181502,0.0016436783065370032,0.00046646901389793533,0.0020647077509529863,0.0053459440270320685,36.638450733232865
ts0050013,0.0007386860728518251,0.001933450846856484,0.00061281781148821,0.012378843710292249,0.02050619553432167,5.967326917922495
ts0610006,0.0007233726530064608,0.0018429275249893014,0.0006564018040460712,0.007759646336298179,0.013402329565203104,9.322237401757066
ts0300009,0.0007116203296711889,0.0018933930815481798,0.0004891889856495806,0.005943064379500212,0.008795649084012215,11.973962996696216
ts0180014,0.000702715769991382,0.0019417076029521925,0.0005710943094729218,0.007964702456586193,0.011644059127185235,8.82287535311869
ts007a0015,0.0006982500814769052,0.001555028468457051,0.0006378106342827852,0.051448443456162646,0.026776732985017787,1.3571840751059043
ts0580010,0.0006938683865833732,0.0017468541174944785,0.00052450944376468,0.3022743646759848,0.14223184980430748,0.22954920021985575
ts0250002,0.0006880521696975422,0.001550642849635686,0.0005026843549442708,0.8962466857263871,0.12677771258409853,0.07677040045508139
ts0460011,0.0006864742995903172,0.0019385916361984818,0.0005134610362915425,0.009076932443879712,0.013190352279823188,7.562844648614578
ts0170008,0.000680739086001564,0.0021674722983245007,0.0007390572742736472,0.015410588733587463,0.020242615663834333,4.4173463958446275
ts0050003,0.0006765126920035003,0.0014014648238988014,0.0004069577713844789,0.7671840480728505,0.11347550686718627,0.08818127719194441
ts0660009,0.0006755621469384133,0.0011417669144343388,0.00030557689541907396,0.011512235281660314,0.009990300656781723,5.868210042706689
ts0150006,0.0006729848344481391,0.0010033705417405482,0.00031036433303073546,0.008814093604404914,0.01245189326884772,7.6353266104617905
ts0170004,0.0006560756273737457,0.0016417929100250028,0.0005164625287234678,0.3406626323591698,0.08588818301842548,0.19258808130209815
ts0610002,0.0006295727890536888,0.001658868745034403,0.0004880746486540396,0.30225054531977974,0.14221328939131403,0.20829500518770067
ts0660003,0.0006273971951256951,0.0017865891020628633,0.0006167127947217172,0.5564676937738247,0.11395802139418976,0.1127463826104341
ts0230004,0.0006257803395769054,0.0016522564306266085,0.0005961745772004881,0.017592444938585344,0.020999911106787544,3.5570970479741977
ts007a0016,0.00062000517403973,0.0014811091633816498,0.0004981280231970644,0.052555559085133416,0.03267499353237844,1.179713782580829
ts0460013,0.0006047509987531045,0.0016150560315554893,0.0005665058329310824,0.005408169207962728,0.00996015739232034,11.182175991511105
ts0150004,0.0005912407546637419,0.0008401327204977591,0.00020060868465188056,0.00398203621346887,0.005352904138036384,14.84769909083008
ts0050011,0.0005910772782664399,0.0019246826228332525,0.0006292207605062768,0.0035014983058026263,0.008896483585043457,16.88069582346838
ts0390009,0.0005794641437549145,0.0019550221533334144,0.0005559465364627822,0.027291825497670473,0.015883060998914234,2.1232150403584225
ts0160002,0.0005652372847229636,0.001152799662091697,0.0003272646191259854,0.8397249311732317,0.15451638211451574,0.06731219518911219
ts0040003,0.0005631116258871111,0.001202354658516147,0.00032221382913754417,0.8397342492587887,0.1545156960705886,0.06705831355386004
ts0180010,0.0005563607681036204,0.001945721627337485,0.0005961921889518216,0.010128695468022026,0.0135976951527903,5.492916337154609
ts0180003,0.0005505748074772577,0.001382690199951804,0.00044743140477230967,0.160251360652266,0.15453339962462556,0.34356950557940386
ts0610007,0.0005383107487882363,0.0012624500175814433,0.00039134355928669584,0.0046642312579415505,0.0072998577158787095,11.541253403155812
ts0520003,0.000529715725103054,0.0011322550237721773,0.00041088893002828625,0.33271077403642524,0.09969889421848219,0.15921207440221358
ts0050004,0.0005185376039535946,0.001036363894572308,0.0003331972060091197,0.006167153748411689,0.00870734549226138,8.408053781489405
ts0540013,0.0005129224037352282,0.0006606668111070655,9.801184237759008e-05,0.0013305220245658621,0.004546111521323161,38.55046322157578
ts0460009,0.0005077664986293284,0.0010493459826553938,0.00034021118371212563,0.0039565438373570525,0.012298153150997573,12.833587077567005
ts0390008,0.000493629813602921,0.001040830898988614,0.0002924219183934958,0.009861922914019484,0.007822825014134097,5.005411398026527
ts0180007,0.00048710346762056257,0.001356659464256501,0.0005269115702957722,0.009879600804743753,0.011908511991395424,4.930396250288541
ts0540008,0.000486489329963109,0.001272197335958486,0.00044344444740209137,0.08461854087251165,0.14469735732936478,0.5749204901749201
ts0150002,0.0004748974873333839,0.0010754827974577275,0.0003552914610061452,0.8397264506565013,0.15451530597983845,0.0565538321392767
ts0050024,0.00046839128920978256,0.0009768155176531185,0.0003004127610763147,0.0011876323591698433,0.005675872255564148,39.43908109216465
ts0460008,0.0004670040213552449,0.0009257540960203518,0.00022333198808240263,0.0020492217280813217,0.007911288094905383,22.789335822263553
ts0210016,0.0004640377086086827,0.0007783735569546913,0.00018199486894303687,0.007636599957645067,0.010182051892553856,6.076496231076376
ts0750007,0.0004639304356937259,0.0009178470517366881,0.0002993751154142305,0.011826053578991953,0.01550400516023682,3.9229522561766634
ts0270014,0.0004606490897617252,0.0006638171334126049,0.00015539198046093206,0.002425682973316391,0.004990373895463018,18.9904903002195
ts0050022,0.0004522619646543568,0.0010352508845359546,0.000313326717746048,0.0020882888606522662,0.004452324939201678,21.65705967100237
ts0590006,0.0004393404269159573,0.000799821511754395,0.00021149016059681733,0.5867952244811521,0.07652993882150284,0.07487116605361348
ts0270015,0.0004362284334449457,0.0008851878072932166,0.00029634300104454945,0.005071526895383312,0.007524421023258584,8.60152065528926
ts0180002,0.0004355224672905056,0.0010296630648179983,0.0003212865302453579,0.839748639347734,0.15453339962462556,0.051863432327653794
ts0650002,0.00043063048763175744,0.0014955693170348172,0.00045992655994430055,0.13305875158831004,0.06925479787799887,0.32363935666866034
ts0050007,0.000429322130908141,0.0018725566775961355,0.0005634311742932545,0.002764649512918255,0.007549610717760722,15.528989439784919
ts0170009,0.0004128658112641553,0.0008901761488428368,0.00023428562762841222,0.005415104828462516,0.01224891033664806,7.62433645040586
ts0050020,0.0004089338239207066,0.0009562340136387406,0.000272511697633959,0.000882433290978399,0.0034831456031723653,
ts0460007,0.0004087632104945409,0.0008873573629796441,0.000286119746677496,0.0014920478610758153,0.0062270497017711075,27.396119196860695
ts0290007,0.00040145813887408567,0.0011011432553688551,0.0003611537238656158,0.002530029648454045,0.006114628007474243,15.867724677431886
ts0390007,0.00039517021121434693,0.0007024816495153925,0.00021765523566198608,0.008642264930114359,0.006762364915433205,4.572530631841181
ts0110006,0.00039048265536970706,0.0011243927854767202,0.00039463499266008596,0.0022940279542566708,0.006123589639541412,17.021704319040627
ts0180005,0.0003832134269777244,0.0007685437703674487,0.000243162979677493,0.0069268106734434575,0.008048029597222305,5.5323213675655625
ts0210020,0.00037674333160981255,0.0007775331543274466,0.00022574570537018288,0.0010995711562897077,0.006045836020972328,34.2627513876465
ts0370006,0.0003635798145275184,0.0007451582011255963,0.0002617471438863593,0.012469419737399408,0.011414857009310725,2.9157717214140852
ts0040008,0.00035699907099241853,0.001200002323500129,0.00040938773641189185,0.0017826027107157984,0.0045394640194019046,20.026844391427336
ts0660018,0.0003500571701077325,0.0008280911701694536,0.0002292389139883505,0.0029333968657348584,0.004941842281733292,11.933508697604683
ts0270008,0.0003441880880449357,0.0007502237545062096,0.0002467107020620683,0.004261642312579415,0.0056437946638041,8.076418967142535
ts0050032,0.0003404690168219661,0.0010906010906804697,0.00034164293541068345,0.0013373888182973317,0.00406799479909268,25.45774363923777
ts0180008,0.0003379888589506821,0.0005174494737928566,0.00011142860415594087,0.0022265406607369764,0.00398221467572202,15.17999940045151
ts0050031,0.0003309460407595424,0.0007480181251730196,0.00019935354671855214,0.0016198379923761121,0.004879211966298558,20.430811125381954
ts0050008,0.00026591414585710777,0.0005752679679046223,0.00017549382866521328,0.0019602022448115207,0.004561485593847396,13.565648471271707
ts0750002,0.00026064485586835967,0.0004507605788920399,0.00010428923644669548,0.2998413913595934,0.11937471490160918,0.08692757683870732
ts0210021,0.00025232545696795503,0.000952168663630272,0.0002875673163731637,0.0016363775942397293,0.005805622792438304,15.419757509279936
ts0660008,0.00023320854498758847,0.00038314137495925205,9.062061662687902e-05,0.003569642100804744,0.0047576798541825146,6.533107196797508
ts0180009,0.0002319204297427279,0.0005821461569024229,0.00020432317261118732,0.006068948538754764,0.008776654239526121,3.8214268626887002
ts0150003,0.0002236322049986645,0.0004677488203112547,0.00013100694471884655,0.001314236552308344,0.0027743243038624433,17.016130361453857
ts0270009,0.00021490725564834578,0.0003610176876238883,0.00012749529189339271,0.001911335239305379,0.0034162793570445874,11.243828462371038
ts0030014,0.00021442029385325645,0.0005465897612287295,0.00015698849028169813,0.007316650783566286,0.009063325668811547,2.9305798540345753
ts0260002,0.00020584259098705565,0.00047621157806648773,0.0001318035200907827,0.29984142312579415,0.11937159006046642,0.06865048492672654
ts0180006,0.0002015679542562161,0.0004357679997655465,0.00014013389650464097,0.004284063955950869,0.00578233787677178,4.705064077678483
ts0230002,0.00019582905037970888,0.0004914578010015713,0.00015953420139586648,0.2998260641677255,0.11936458163609752,0.06531421840302726
ts0030002,0.00019356981640637413,0.0005927528902912593,0.00019217123752860325,0.29982055802626006,0.1194366619295905,0.06456188917819976
ts0660022,0.00017856899604509597,0.0005182382085106589,0.00013587155190990423,0.0011401260059296908,0.0029231643873420987,15.66221585301756
ts0170003,0.00017525660643333968,0.00043311656141453714,0.00013184225373726274,0.2998451927149513,0.11938049080037624,0.05844902992990383
ts0270013,0.00016537686807453262,0.0006327540426208899,0.00019104462375578397,0.00018261859381617956,0.0019867997838413417,
ts0270010,0.0001467552759043688,0.0003262188340848234,0.0001178515802402163,0.0013827933079203728,0.0029355763510078635,10.612958210296721
ts0660023,0.00014523947399908688,0.00044523188065398824,0.00011897598284216003,0.0008480304955527318,0.0024599695580576116,
ts0050017,0.00013079970399053993,0.0003628260602265086,0.0001076590142468607,0.0007558767471410418,0.003160135150285322,
ts0020007,0.000127203659408498,0.0002947922536917489,9.958339690535767e-05,0.002149804108428632,0.004720192018383396,5.91698838558252
ts0180016,0.00012071673283468401,0.0002251709743694689,6.279063814228869e-05,0.0009541084286319356,0.0025923323592497625,
ts0020006,0.00012056626449046128,0.0002802714188201586,8.2345804170111e-05,0.0027974481152054217,0.005274452237869,4.3098659751767325
ts0270016,0.00010134776127385194,0.00019343542703385613,6.0471879851374684e-05,0.0010449015247776365,0.0025705224676807505,9.69926436803885
ts0180015,9.921556199954569e-05,0.00015944608871735144,4.359933660689072e-05,0.0009306808555696739,0.0024515156804660394,
ts0020009,8.547921133466583e-05,0.0002532205404747001,8.481929843837128e-05,0.001408280389665396,0.00378948882982394,6.06975798015447
ts0020012,7.884304245261402e-05,9.694335935596696e-05,1.0740703573622735e-05,0.00016754553155442608,0.0011235728312191755,
ts0040014,7.504057313340487e-05,0.00015815621720960106,5.365971562003143e-05,0.0003474745870393901,0.001681788751369337,
ts0050028,5.8269684593176765e-05,0.00010272015096452207,2.2781815129968776e-05,8.215268953833123e-05,0.0009088110005028826,
ts0270011,5.679049154052962e-05,9.184009613773833e-05,2.5327047383106343e-05,0.0005376694197373994,0.0016709782871997198,
ts0180017,5.4234859278434644e-05,8.032019558476989e-05,1.598373701566317e-05,0.0002733746293943244,0.001208151143665532,
ts0660020,4.399307083356468e-05,7.20605412586131e-05,1.4915841782739519e-05,8.46039813638289e-05,0.0006676816481157511,
ts0020008,4.0447939601357197e-05,0.0001754816107361768,5.374117695265422e-05,0.0007415448962304108,0.002734230006678452,
ts0660019,3.916398429763591e-05,5.742455092735381e-05,1.3308959277008178e-05,0.0001460292249047014,0.0008989529594542954,
ts0660024,3.7227601495329226e-05,8.800778063860809e-05,2.6136615068163764e-05,0.00029195785684032186,0.0013624277764995093,
ts0020018,3.718312299250691e-05,6.480115046180292e-05,1.771152698717032e-05,8.957009741634902e-05,0.0007050866129198408,
ts0660021,3.074326764698262e-05,7.10187901153807e-05,2.0739560618652635e-05,6.144642100804744e-05,0.0005901169718173147,
ts0020015,2.2705376969495994e-05,5.66627945076827e-05,1.7454336602445555e-05,0.0002522183396865735,0.001256771472481718,
ts0180018,2.2201748117713008e-05,8.094935620864553e-05,2.355307511700285e-05,3.6552308343922076e-05,0.00045192331641005757,
ts0050033,1.8633608674188792e-05,3.596356771417609e-05,9.76141658488715e-06,1.0324015247776366e-05,0.00026445842332778897,
ts0170002,9.223585948348045e-06,1.9813887774944305e-05,6.6301776335429025e-06,0.0,0.0,
ts0180019,8.9309062764233e-06,1.8026665124465538e-05,5.140234425688856e-06,1.2595298602287167e-05,0.00023668582782412304,
